id,name,closest_community_id,closest_community_distance,Latitude,census_subdivision_id,Location Name,First Responders,Diagnostic Facilities,Timber Facilities,Civic Facilities,Airports,Port And Terminal,Customs Ports Of Entry,Local Govt Offices,Laboratory Service,Emergency Social Service Facilities,Pharmacies,Economic Projects,Hospitals,Service BC Locations,Schools,Clinics,Courts,Post Secondary Institutions,Research Centres,Public Library,Is within 50 km,Longitude,location_type_id,location_website
9544,No data available,,,49.06916914,5909052,No data available,,,,,,,,,,,,,,,,,,,,,,-122.2853787,21,
9509,No data available,,,52.28699441,5941844,No data available,,,,,,,,,,,,,,,,,,,,,,-124.1633178,21,
9510,No data available,,,49.26497624,5923801,No data available,,,,,,,,,,,,,,,,,,,,,,-124.8254838,21,
9513,No data available,,,49.68469019,5924803,No data available,,,,,,,,,,,,,,,,,,,,,,-126.1197736,21,
9514,No data available,,,49.14972472,5909835,No data available,,,,,,,,,,,,,,,,,,,,,,-121.9912903,21,
9515,No data available,,,49.21471725,5923802,No data available,,,,,,,,,,,,,,,,,,,,,,-124.8096925,21,
10175,No data available,,,48.87343133,5923047,No data available,,,,,,,,,,,,,,,,,,,,,,-124.945398,21,
9981,No data available,,,49.36005381,5923033,No data available,,,,,,,,,,,,,,,,,,,,,,-124.9029076,21,
10176,No data available,,,49.22338543,5923049,No data available,,,,,,,,,,,,,,,,,,,,,,-125.8055823,21,
9982,No data available,,,49.35160889,5923035,No data available,,,,,,,,,,,,,,,,,,,,,,-125.2014242,21,
9983,No data available,,,49.29942676,5923037,No data available,,,,,,,,,,,,,,,,,,,,,,-124.859584,21,
9984,No data available,,,49.18913986,5923039,No data available,,,,,,,,,,,,,,,,,,,,,,-124.7186069,21,
9516,No data available,,,49.5218031,5909876,No data available,,,,,,,,,,,,,,,,,,,,,,-121.4213221,21,
9517,No data available,,,50.59475666,5943837,No data available,,,,,,,,,,,,,,,,,,,,,,-126.9410748,21,
10000,No data available,,,50.5812737,5943008,No data available,,,,,,,,,,,,,,,,,,,,,,-126.9185337,21,
9518,No data available,,,52.57014265,5941882,No data available,,,,,,,,,,,,,,,,,,,,,,-122.4844792,21,
9519,No data available,,,49.21806597,5907808,No data available,,,,,,,,,,,,,,,,,,,,,,-119.9182759,21,
9520,No data available,,,52.20409588,5941817,No data available,,,,,,,,,,,,,,,,,,,,,,-124.3115159,21,
9521,No data available,,,52.17514527,5941818,No data available,,,,,,,,,,,,,,,,,,,,,,-124.3150284,21,
9522,No data available,,,52.31875762,5941848,No data available,,,,,,,,,,,,,,,,,,,,,,-124.2718894,21,
9523,No data available,,,52.49012773,5941856,No data available,,,,,,,,,,,,,,,,,,,,,,-124.2833331,21,
9524,No data available,,,51.78907669,5941801,No data available,,,,,,,,,,,,,,,,,,,,,,-122.2246697,21,
9528,No data available,,,51.82414215,5941873,No data available,,,,,,,,,,,,,,,,,,,,,,-122.1204597,21,
9529,No data available,,,48.80135623,5923803,No data available,,,,,,,,,,,,,,,,,,,,,,-125.1220276,21,
9530,No data available,,,52.0265201,5941821,No data available,,,,,,,,,,,,,,,,,,,,,,-123.1716521,21,
9545,No data available,,,52.1059611,5941883,No data available,,,,,,,,,,,,,,,,,,,,,,-123.230257,21,
10208,No data available,,,49.34604261,5915038,No data available,,,,,,,,,,,,,,,,,,,,,,-122.8522851,21,
10066,No data available,,,50.44485715,5937028,No data available,,,,,,,,,,,,,,,,,,,,,,-119.1978653,21,
9980,No data available,,,50.69622143,5933019,No data available,,,,,,,,,,,,,,,,,,,,,,-121.342209,21,
9549,No data available,,,50.71956804,5933844,No data available,,,,,,,,,,,,,,,,,,,,,,-121.3147446,21,
9550,No data available,,,49.24015422,5907809,No data available,,,,,,,,,,,,,,,,,,,,,,-120.0214875,21,
9551,No data available,,,55.32412112,5951831,No data available,,,,,,,,,,,,,,,,,,,,,,-126.643914,21,
9552,No data available,,,55.0291185,5949819,No data available,,,,,,,,,,,,,,,,,,,,,,-127.3388983,21,
9561,No data available,,,54.81683055,5951829,No data available,,,,,,,,,,,,,,,,,,,,,,-126.1488715,21,
9562,No data available,,,55.32326715,5951828,No data available,,,,,,,,,,,,,,,,,,,,,,-126.6200903,21,
9563,No data available,,,54.49098575,5951847,No data available,,,,,,,,,,,,,,,,,,,,,,-125.6477952,21,
9564,No data available,,,52.98812763,5941881,No data available,,,,,,,,,,,,,,,,,,,,,,-123.811614,21,
9565,No data available,,,51.99704601,5941849,No data available,,,,,,,,,,,,,,,,,,,,,,-122.5547494,21,
9566,No data available,,,49.18834968,5915809,No data available,,,,,,,,,,,,,,,,,,,,,,-122.6952912,21,
10132,No data available,,,51.17867542,5933074,No data available,,,,,,,,,,,,,,,,,,,,,,-120.1254494,21,
9569,No data available,,,50.62885339,5933828,No data available,,,,,,,,,,,,,,,,,,,,,,-121.3261737,21,
9570,No data available,,,48.34148168,5917809,No data available,,,,,,,,,,,,,,,,,,,,,,-123.5995349,21,
10189,No data available,,,49.33140572,5915036,No data available,,,,,,,,,,,,,,,,,,,,,,-122.9054952,21,
9571,No data available,,,52.15777674,5945801,No data available,,,,,,,,,,,,,,,,,,,,,,-128.1541838,21,
9575,No data available,,,52.37788509,5945802,No data available,,,,,,,,,,,,,,,,,,,,,,-126.7271726,21,
9576,No data available,,,52.92032349,5941861,No data available,,,,,,,,,,,,,,,,,,,,,,-125.4055931,21,
9577,No data available,,,54.57017334,5951805,No data available,,,,,,,,,,,,,,,,,,,,,,-124.5022514,21,
9581,No data available,,,49.18345761,5907806,No data available,,,,,,,,,,,,,,,,,,,,,,-119.7319355,21,
9582,No data available,,,56.70414165,5955803,No data available,,,,,,,,,,,,,,,,,,,,,,-121.0916181,21,
9583,No data available,,,50.84010517,5933812,No data available,,,,,,,,,,,,,,,,,,,,,,-121.3732084,21,
9584,No data available,,,49.98906142,5909850,No data available,,,,,,,,,,,,,,,,,,,,,,-121.4909318,21,
9585,No data available,,,50.05567407,5933897,No data available,,,,,,,,,,,,,,,,,,,,,,-121.5434439,21,
9586,No data available,,,49.82871688,5909836,No data available,,,,,,,,,,,,,,,,,,,,,,-121.4289539,21,
9641,No data available,,,49.37376008,5915062,No data available,,,,,,,,,,,,,,,,,,,,,,-123.3693817,21,
9587,No data available,,,50.79615924,5931813,No data available,,,,,,,,,,,,,,,,,,,,,,-122.0348916,21,
9590,No data available,,,49.9110815,5909847,No data available,,,,,,,,,,,,,,,,,,,,,,-121.4458214,21,
9591,No data available,,,55.03037311,5949820,No data available,,,,,,,,,,,,,,,,,,,,,,-127.3182382,21,
9567,No data available,,,54.73673835,5951051,No data available,,,,,,,,,,,,,,,,,,,,,,-127.2653279,21,
9801,No data available,,,54.38092907,5951028,No data available,,,,,,,,,,,,,,,,,,,,,,-125.7629872,21,
9797,No data available,,,55.19606249,5951015,No data available,,,,,,,,,,,,,,,,,,,,,,-125.0159732,21,
9798,No data available,,,53.84013603,5951017,No data available,,,,,,,,,,,,,,,,,,,,,,-124.8489496,21,
9802,No data available,,,53.56206153,5951031,No data available,,,,,,,,,,,,,,,,,,,,,,-126.2226054,21,
9799,No data available,,,53.82167936,5951019,No data available,,,,,,,,,,,,,,,,,,,,,,-123.9626418,21,
9568,No data available,,,54.92401663,5951053,No data available,,,,,,,,,,,,,,,,,,,,,,-127.0220643,21,
10143,No data available,,,49.24737066,5915025,No data available,,,,,,,,,,,,,,,,,,,,,,-122.9652094,21,
9800,No data available,,,54.22493287,5951022,No data available,,,,,,,,,,,,,,,,,,,,,,-125.7234222,21,
9592,No data available,,,54.2349995,5951815,No data available,,,,,,,,,,,,,,,,,,,,,,-125.7680609,21,
9593,No data available,,,49.30940798,5915806,No data available,,,,,,,,,,,,,,,,,,,,,,-122.9787542,21,
10030,No data available,,,50.79792534,5933024,No data available,,,,,,,,,,,,,,,,,,,,,,-121.3190535,21,
10035,No data available,,,50.00489919,5924034,No data available,,,,,,,,,,,,,,,,,,,,,,-125.2954267,21,
9594,No data available,,,50.03681982,5924804,No data available,,,,,,,,,,,,,,,,,,,,,,-125.2487228,21,
9929,No data available,,,50.16516123,5901043,No data available,,,,,,,,,,,,,,,,,,,,,,-115.8214313,21,
9595,No data available,,,51.77835779,5941802,No data available,,,,,,,,,,,,,,,,,,,,,,-120.9816627,21,
9596,No data available,,,51.74311418,5941813,No data available,,,,,,,,,,,,,,,,,,,,,,-121.1314128,21,
9597,No data available,,,51.79583699,5941803,No data available,,,,,,,,,,,,,,,,,,,,,,-121.4727336,21,
9598,No data available,,,51.46984624,5933814,No data available,,,,,,,,,,,,,,,,,,,,,,-122.1520266,21,
9599,No data available,,,51.43004814,5933821,No data available,,,,,,,,,,,,,,,,,,,,,,-122.0305453,21,
9601,No data available,,,51.533526,5941804,No data available,,,,,,,,,,,,,,,,,,,,,,-122.2364703,21,
9602,No data available,,,50.01340654,5924817,No data available,,,,,,,,,,,,,,,,,,,,,,-125.1893519,21,
9603,No data available,,,49.32078815,5915808,No data available,,,,,,,,,,,,,,,,,,,,,,-123.1319987,21,
9573,No data available,,,52.74662764,5941019,No data available,,,,,,,,,,,,,,,,,,,,,,-122.3430918,21,
10004,No data available,,,53.1653503,5941021,No data available,,,,,,,,,,,,,,,,,,,,,,-122.6485911,21,
10125,No data available,,,53.12088784,5941026,No data available,,,,,,,,,,,,,,,,,,,,,,-121.5604889,21,
9669,No data available,,,52.370798,5941010,No data available,,,,,,,,,,,,,,,,,,,,,,-122.1978749,21,
9670,No data available,,,51.82293822,5941012,No data available,,,,,,,,,,,,,,,,,,,,,,-122.1286468,21,
9554,No data available,,,52.47778749,5941014,No data available,,,,,,,,,,,,,,,,,,,,,,-121.203084,21,
9559,No data available,,,51.76358918,5941015,No data available,,,,,,,,,,,,,,,,,,,,,,-121.5529047,21,
9560,No data available,,,51.89366861,5941016,No data available,,,,,,,,,,,,,,,,,,,,,,-120.7264467,21,
10126,No data available,,,53.0027839,5941027,No data available,,,,,,,,,,,,,,,,,,,,,,-123.6448914,21,
10127,No data available,,,52.11853649,5941039,No data available,,,,,,,,,,,,,,,,,,,,,,-124.7216691,21,
10128,No data available,,,51.87392332,5941041,No data available,,,,,,,,,,,,,,,,,,,,,,-123.0654128,21,
9572,No data available,,,51.55857397,5941017,No data available,,,,,,,,,,,,,,,,,,,,,,-120.9115968,21,
9604,No data available,,,49.49156078,5901805,No data available,,,,,,,,,,,,,,,,,,,,,,-115.5652193,21,
9889,No data available,,,49.30094789,5903045,No data available,,,,,,,,,,,,,,,,,,,,,,-117.6714774,21,
9605,No data available,,,50.67286152,5931814,No data available,,,,,,,,,,,,,,,,,,,,,,-121.9331508,21,
9621,No data available,,,51.93514259,5945006,No data available,,,,,,,,,,,,,,,,,,,,,,-127.5735992,21,
9622,No data available,,,52.31331033,5945010,No data available,,,,,,,,,,,,,,,,,,,,,,-125.9979551,21,
9623,No data available,,,52.37148549,5945012,No data available,,,,,,,,,,,,,,,,,,,,,,-126.6471198,21,
9624,No data available,,,52.42318242,5945014,No data available,,,,,,,,,,,,,,,,,,,,,,-126.7749248,21,
9960,No data available,,,49.45600061,5903010,No data available,,,,,,,,,,,,,,,,,,,,,,-116.7839815,21,
9962,No data available,,,49.22967195,5903013,No data available,,,,,,,,,,,,,,,,,,,,,,-116.3065589,21,
9635,No data available,,,49.1081517,5903017,No data available,,,,,,,,,,,,,,,,,,,,,,-116.7496817,21,
9859,No data available,,,50.35090306,5903039,No data available,,,,,,,,,,,,,,,,,,,,,,-116.9840631,21,
9860,No data available,,,49.53223526,5903041,No data available,,,,,,,,,,,,,,,,,,,,,,-117.1243662,21,
9861,No data available,,,49.58330125,5903043,No data available,,,,,,,,,,,,,,,,,,,,,,-117.3303584,21,
9713,No data available,,,49.19500619,5903047,No data available,,,,,,,,,,,,,,,,,,,,,,-117.2496179,21,
9891,No data available,,,49.8529305,5903052,No data available,,,,,,,,,,,,,,,,,,,,,,-117.5316011,21,
9805,No data available,,,49.3845126,5903056,No data available,,,,,,,,,,,,,,,,,,,,,,-117.6062209,21,
9806,No data available,,,49.43323193,5903058,No data available,,,,,,,,,,,,,,,,,,,,,,-117.9638569,21,
9807,No data available,,,50.17486133,5903060,No data available,,,,,,,,,,,,,,,,,,,,,,-117.9601725,21,
9525,No data available,,,49.91695822,5935012,No data available,,,,,,,,,,,,,,,,,,,,,,-119.1946201,21,
9506,No data available,,,49.99195395,5935020,No data available,,,,,,,,,,,,,,,,,,,,,,-119.7140279,21,
10191,No data available,,,48.58159933,5917015,No data available,,,,,,,,,,,,,,,,,,,,,,-123.42092,21,
9606,No data available,,,52.30544175,5941827,No data available,,,,,,,,,,,,,,,,,,,,,,-124.223557,21,
10096,No data available,,,50.84384454,5933054,No data available,,,,,,,,,,,,,,,,,,,,,,-119.6893688,21,
9607,No data available,,,49.37371205,5909804,No data available,,,,,,,,,,,,,,,,,,,,,,-121.5427958,21,
9608,No data available,,,49.82561575,5931801,No data available,,,,,,,,,,,,,,,,,,,,,,-123.2047467,21,
9614,No data available,,,49.19721432,5909837,No data available,,,,,,,,,,,,,,,,,,,,,,-121.7692332,21,
9615,No data available,,,49.29503362,5909839,No data available,,,,,,,,,,,,,,,,,,,,,,-121.9114248,21,
9616,No data available,,,49.40873033,5929801,No data available,,,,,,,,,,,,,,,,,,,,,,-123.4995264,21,
9617,No data available,,,49.01248744,5919804,No data available,,,,,,,,,,,,,,,,,,,,,,-123.7850873,21,
9619,No data available,,,49.87472486,5924805,No data available,,,,,,,,,,,,,,,,,,,,,,-126.9772175,21,
9620,No data available,,,53.9411469,5951818,No data available,,,,,,,,,,,,,,,,,,,,,,-125.7811881,21,
10137,No data available,,,55.69213484,5955010,No data available,,,,,,,,,,,,,,,,,,,,,,-121.7678605,21,
9625,No data available,,,51.41306196,5941828,No data available,,,,,,,,,,,,,,,,,,,,,,-124.1137267,21,
9626,No data available,,,51.42213643,5941829,No data available,,,,,,,,,,,,,,,,,,,,,,-124.0996207,21,
9628,No data available,,,50.6367766,5931815,No data available,,,,,,,,,,,,,,,,,,,,,,-121.8007297,21,
10217,No data available,,,49.14264212,5909020,No data available,,,,,,,,,,,,,,,,,,,,,,-121.9295005,21,
9629,No data available,,,49.03449456,5907805,No data available,,,,,,,,,,,,,,,,,,,,,,-119.7209759,21,
9630,No data available,,,50.45423782,5933810,No data available,,,,,,,,,,,,,,,,,,,,,,-121.3404242,21,
9631,No data available,,,49.35301767,5907807,No data available,,,,,,,,,,,,,,,,,,,,,,-120.0780235,21,
9632,No data available,,,50.86214513,5939801,No data available,,,,,,,,,,,,,,,,,,,,,,-119.5882936,21,
9633,No data available,,,48.97853947,5923804,No data available,,,,,,,,,,,,,,,,,,,,,,-125.574828,21,
10111,No data available,,,51.64434204,5933067,No data available,,,,,,,,,,,,,,,,,,,,,,-120.0091277,21,
10031,No data available,,,51.10674587,5933028,No data available,,,,,,,,,,,,,,,,,,,,,,-121.5694596,21,
9637,No data available,,,52.9891854,5941835,No data available,,,,,,,,,,,,,,,,,,,,,,-123.8430082,21,
9695,No data available,,,50.22771325,5937010,No data available,,,,,,,,,,,,,,,,,,,,,,-119.1747272,21,
9642,No data available,,,50.03439964,5933801,No data available,,,,,,,,,,,,,,,,,,,,,,-120.857288,21,
9643,No data available,,,48.62260753,5917801,No data available,,,,,,,,,,,,,,,,,,,,,,-123.4562153,21,
9644,No data available,,,50.4132846,5901804,No data available,,,,,,,,,,,,,,,,,,,,,,-115.9101185,21,
9665,No data available,,,51.59459577,5939011,No data available,,,,,,,,,,,,,,,,,,,,,,-117.3263301,21,
9667,No data available,,,51.30450324,5939023,No data available,,,,,,,,,,,,,,,,,,,,,,-118.1517288,21,
9531,No data available,,,50.85788287,5939037,No data available,,,,,,,,,,,,,,,,,,,,,,-119.2701683,21,
9532,No data available,,,50.55949865,5939039,No data available,,,,,,,,,,,,,,,,,,,,,,-119.4324954,21,
9964,No data available,,,50.98388489,5939043,No data available,,,,,,,,,,,,,,,,,,,,,,-118.7232949,21,
9533,No data available,,,51.21722461,5939044,No data available,,,,,,,,,,,,,,,,,,,,,,-119.0689616,21,
10193,No data available,,,48.42659069,5917041,No data available,,,,,,,,,,,,,,,,,,,,,,-123.4822287,21,
9649,No data available,,,49.69532574,5926005,No data available,,,,,,,,,,,,,,,,,,,,,,-124.9097732,21,
9645,No data available,,,49.67978381,5926801,No data available,,,,,,,,,,,,,,,,,,,,,,-124.9547954,21,
9651,No data available,,,49.54358591,5926021,No data available,,,,,,,,,,,,,,,,,,,,,,-124.8171607,21,
10205,No data available,,,49.72819045,5926022,No data available,,,,,,,,,,,,,,,,,,,,,,-124.8725672,21,
10206,No data available,,,49.73095308,5926024,No data available,,,,,,,,,,,,,,,,,,,,,,-125.2261734,21,
10188,No data available,,,49.29733353,5915034,No data available,,,,,,,,,,,,,,,,,,,,,,-122.7715117,21,
9646,No data available,,,49.23039455,5915805,No data available,,,,,,,,,,,,,,,,,,,,,,-122.80504,21,
9647,No data available,,,49.2473945,5915804,No data available,,,,,,,,,,,,,,,,,,,,,,-122.7928806,21,
9648,No data available,,,55.03943308,5949810,No data available,,,,,,,,,,,,,,,,,,,,,,-127.3397705,21,
9650,No data available,,,49.69747103,5926010,No data available,,,,,,,,,,,,,,,,,,,,,,-124.9769436,21,
9652,No data available,,,48.76621954,5919822,No data available,,,,,,,,,,,,,,,,,,,,,,-123.6695466,21,
9653,No data available,,,48.82800987,5919812,No data available,,,,,,,,,,,,,,,,,,,,,,-124.0729008,21,
9539,No data available,,,48.61515225,5919043,No data available,,,,,,,,,,,,,,,,,,,,,,-123.5428462,21,
9540,No data available,,,48.64830604,5919046,No data available,,,,,,,,,,,,,,,,,,,,,,-123.7195443,21,
9810,No data available,,,48.69915595,5919049,No data available,,,,,,,,,,,,,,,,,,,,,,-123.5639615,21,
9535,No data available,,,48.80551865,5919013,No data available,,,,,,,,,,,,,,,,,,,,,,-123.6182658,21,
9580,No data available,,,48.7770039,5919051,No data available,,,,,,,,,,,,,,,,,,,,,,-123.7891829,21,
9537,No data available,,,48.73764152,5919033,No data available,,,,,,,,,,,,,,,,,,,,,,-124.3636789,21,
9812,No data available,,,49.01268971,5919015,No data available,,,,,,,,,,,,,,,,,,,,,,-123.7585632,21,
9814,No data available,,,49.01769094,5919017,No data available,,,,,,,,,,,,,,,,,,,,,,-123.8641581,21,
9538,No data available,,,48.95476741,5919035,No data available,,,,,,,,,,,,,,,,,,,,,,-124.3473058,21,
10164,No data available,,,49.53791274,5901022,No data available,,,,,,,,,,,,,,,,,,,,,,-115.768677,21,
9959,No data available,,,49.1057196,5903004,No data available,,,,,,,,,,,,,,,,,,,,,,-116.5143277,21,
9654,No data available,,,49.05717578,5903807,No data available,,,,,,,,,,,,,,,,,,,,,,-116.5294453,21,
9892,No data available,,,49.62975494,5926014,No data available,,,,,,,,,,,,,,,,,,,,,,-125.043704,21,
10249,No data available,,,55.75489843,5955014,No data available,,,,,,,,,,,,,,,,,,,,,,-120.2297138,21,
9655,No data available,,,50.59499699,5943807,No data available,,,,,,,,,,,,,,,,,,,,,,-126.5937703,21,
9656,No data available,,,58.47286289,5949845,No data available,,,,,,,,,,,,,,,,,,,,,,-130.0263272,21,
9659,No data available,,,59.28840486,5957820,No data available,,,,,,,,,,,,,,,,,,,,,,-129.2925991,21,
9677,No data available,,,52.2607891,5941805,No data available,,,,,,,,,,,,,,,,,,,,,,-122.0925281,21,
10172,No data available,,,49.07708489,5915011,No data available,,,,,,,,,,,,,,,,,,,,,,-123.0780657,21,
9678,No data available,,,51.5872197,5941806,No data available,,,,,,,,,,,,,,,,,,,,,,-122.2046894,21,
9679,No data available,,,51.595395,5941807,No data available,,,,,,,,,,,,,,,,,,,,,,-122.092524,21,
9680,No data available,,,56.57392216,5955804,No data available,,,,,,,,,,,,,,,,,,,,,,-120.4914044,21,
9681,No data available,,,53.7744063,5947807,No data available,,,,,,,,,,,,,,,,,,,,,,-130.4372237,21,
9682,No data available,,,49.75782793,5909842,No data available,,,,,,,,,,,,,,,,,,,,,,-122.1678101,21,
9683,No data available,,,50.16637072,5933802,No data available,,,,,,,,,,,,,,,,,,,,,,-120.2815387,21,
9685,No data available,,,52.97127511,5941886,No data available,,,,,,,,,,,,,,,,,,,,,,-122.4292502,21,
9686,No data available,,,50.00941356,5935801,No data available,,,,,,,,,,,,,,,,,,,,,,-119.396041,21,
9534,No data available,,,48.77940207,5919012,No data available,,,,,,,,,,,,,,,,,,,,,,-123.7021636,21,
9688,No data available,,,54.41985951,5951821,No data available,,,,,,,,,,,,,,,,,,,,,,-126.1348211,21,
9690,No data available,,,54.88015295,5951814,No data available,,,,,,,,,,,,,,,,,,,,,,-125.1292751,21,
10162,No data available,,,49.68294083,5901017,No data available,,,,,,,,,,,,,,,,,,,,,,-114.7739707,21,
10163,No data available,,,49.21139238,5901019,No data available,,,,,,,,,,,,,,,,,,,,,,-115.1937162,21,
10135,No data available,,,49.50509677,5901035,No data available,,,,,,,,,,,,,,,,,,,,,,-115.5923982,21,
10136,No data available,,,49.80598803,5901037,No data available,,,,,,,,,,,,,,,,,,,,,,-116.0574996,21,
9930,No data available,,,50.32230566,5901046,No data available,,,,,,,,,,,,,,,,,,,,,,-115.7995367,21,
9931,No data available,,,50.81429538,5901048,No data available,,,,,,,,,,,,,,,,,,,,,,-116.1822789,21,
9691,No data available,,,55.8441848,5955801,No data available,,,,,,,,,,,,,,,,,,,,,,-121.6370554,21,
9701,No data available,,,48.58803304,5917803,No data available,,,,,,,,,,,,,,,,,,,,,,-123.3880858,21,
9702,No data available,,,49.98291396,5924836,No data available,,,,,,,,,,,,,,,,,,,,,,-126.8616651,21,
9703,No data available,,,49.02503823,5923805,No data available,,,,,,,,,,,,,,,,,,,,,,-125.0449624,21,
10165,No data available,,,50.06202986,5901003,No data available,,,,,,,,,,,,,,,,,,,,,,-114.876918,21,
10081,No data available,,,50.5550231,5937033,No data available,,,,,,,,,,,,,,,,,,,,,,-119.1438983,21,
9704,No data available,,,50.52921801,5937802,No data available,,,,,,,,,,,,,,,,,,,,,,-119.1453369,21,
9705,No data available,,,50.46521086,5933899,No data available,,,,,,,,,,,,,,,,,,,,,,-121.3132301,21,
9706,No data available,,,49.07205513,5923823,No data available,,,,,,,,,,,,,,,,,,,,,,-125.7820054,21,
9707,No data available,,,48.44451459,5917811,No data available,,,,,,,,,,,,,,,,,,,,,,-123.4298155,21,
10192,No data available,,,48.43041291,5917040,No data available,,,,,,,,,,,,,,,,,,,,,,-123.4136853,21,
9708,No data available,,,48.71368994,5919820,No data available,,,,,,,,,,,,,,,,,,,,,,-123.6079546,21,
9709,No data available,,,53.21385334,5941866,No data available,,,,,,,,,,,,,,,,,,,,,,-123.5049886,21,
10161,No data available,,,49.50653499,5901012,No data available,,,,,,,,,,,,,,,,,,,,,,-115.0611826,21,
9710,No data available,,,56.90356345,5955840,No data available,,,,,,,,,,,,,,,,,,,,,,-124.9728643,21,
9711,No data available,,,52.35805236,5941871,No data available,,,,,,,,,,,,,,,,,,,,,,-125.157084,21,
9714,No data available,,,59.49495904,5957803,No data available,,,,,,,,,,,,,,,,,,,,,,-133.6478519,21,
9715,No data available,,,58.28563125,5959805,No data available,,,,,,,,,,,,,,,,,,,,,,-121.7259909,21,
9716,No data available,,,54.01660196,5953801,No data available,,,,,,,,,,,,,,,,,,,,,,-122.6255279,21,
9717,No data available,,,58.7870509,5959806,No data available,,,,,,,,,,,,,,,,,,,,,,-122.5430814,21,
9718,No data available,,,50.69548178,5943804,No data available,,,,,,,,,,,,,,,,,,,,,,-127.4056195,21,
9796,No data available,,,54.47074587,5951013,No data available,,,,,,,,,,,,,,,,,,,,,,-124.2270182,21,
9902,No data available,,,56.24390563,5955034,No data available,,,,,,,,,,,,,,,,,,,,,,-120.8266222,21,
9719,No data available,,,57.42748003,5955807,No data available,,,,,,,,,,,,,,,,,,,,,,-125.632375,21,
9720,No data available,,,50.73563563,5931816,No data available,,,,,,,,,,,,,,,,,,,,,,-121.8625144,21,
9721,No data available,,,50.75844558,5931818,No data available,,,,,,,,,,,,,,,,,,,,,,-121.9218507,21,
9722,No data available,,,50.72079219,5931819,No data available,,,,,,,,,,,,,,,,,,,,,,-121.909609,21,
9723,No data available,,,50.68650527,5931820,No data available,,,,,,,,,,,,,,,,,,,,,,-121.8078574,21,
9724,No data available,,,50.7412843,5931842,No data available,,,,,,,,,,,,,,,,,,,,,,-121.8789639,21,
9725,No data available,,,50.74478873,5931825,No data available,,,,,,,,,,,,,,,,,,,,,,-121.8649707,21,
9726,No data available,,,50.77889371,5931817,No data available,,,,,,,,,,,,,,,,,,,,,,-121.8389264,21,
9727,No data available,,,50.76248527,5931834,No data available,,,,,,,,,,,,,,,,,,,,,,-121.8331444,21,
9731,No data available,,,50.70639373,5931822,No data available,,,,,,,,,,,,,,,,,,,,,,-121.8366415,21,
9732,No data available,,,54.00900691,5951822,No data available,,,,,,,,,,,,,,,,,,,,,,-125.9530234,21,
9785,No data available,,,54.05837117,5951009,No data available,,,,,,,,,,,,,,,,,,,,,,-124.8516748,21,
10215,No data available,,,49.91427834,5909014,No data available,,,,,,,,,,,,,,,,,,,,,,-121.686253,21,
10216,No data available,,,49.35598397,5909016,No data available,,,,,,,,,,,,,,,,,,,,,,-121.2649642,21,
9543,No data available,,,49.71610034,5909048,No data available,,,,,,,,,,,,,,,,,,,,,,-122.1431152,21,
10220,No data available,,,49.22143209,5909034,No data available,,,,,,,,,,,,,,,,,,,,,,-121.6319583,21,
9542,No data available,,,49.07438084,5909036,No data available,,,,,,,,,,,,,,,,,,,,,,-121.5965479,21,
9816,No data available,,,49.57141954,5909060,No data available,,,,,,,,,,,,,,,,,,,,,,-122.4819001,21,
9817,No data available,,,49.16181181,5909062,No data available,,,,,,,,,,,,,,,,,,,,,,-122.1304935,21,
9541,No data available,,,49.03274224,5909035,No data available,,,,,,,,,,,,,,,,,,,,,,-121.9820268,21,
9870,No data available,,,54.05954318,5953038,No data available,,,,,,,,,,,,,,,,,,,,,,-123.0866866,21,
9871,No data available,,,53.62267875,5953042,No data available,,,,,,,,,,,,,,,,,,,,,,-123.0620623,21,
9872,No data available,,,53.73985935,5953044,No data available,,,,,,,,,,,,,,,,,,,,,,-122.5512925,21,
9873,No data available,,,53.48609182,5953046,No data available,,,,,,,,,,,,,,,,,,,,,,-122.4803359,21,
9874,No data available,,,53.98423298,5953048,No data available,,,,,,,,,,,,,,,,,,,,,,-121.4914065,21,
9898,No data available,,,54.87433759,5953050,No data available,,,,,,,,,,,,,,,,,,,,,,-122.9071365,21,
9867,No data available,,,53.11505352,5953019,No data available,,,,,,,,,,,,,,,,,,,,,,-119.7069936,21,
9809,No data available,,,49.11075763,5905005,No data available,,,,,,,,,,,,,,,,,,,,,,-117.5506852,21,
9733,No data available,,,49.00626033,5917805,No data available,,,,,,,,,,,,,,,,,,,,,,-123.5850685,21,
9734,No data available,,,51.43569988,5941884,No data available,,,,,,,,,,,,,,,,,,,,,,-124.0501393,21,
10232,No data available,,,49.40138613,5929005,No data available,,,,,,,,,,,,,,,,,,,,,,-123.5142258,21,
9735,No data available,,,55.27159161,5949812,No data available,,,,,,,,,,,,,,,,,,,,,,-127.6772612,21,
9736,No data available,,,55.26553544,5949815,No data available,,,,,,,,,,,,,,,,,,,,,,-128.0753435,21,
9737,No data available,,,55.10094205,5949814,No data available,,,,,,,,,,,,,,,,,,,,,,-127.8145025,21,
9740,No data available,,,55.09548878,5949816,No data available,,,,,,,,,,,,,,,,,,,,,,-128.068757,21,
10229,No data available,,,49.72303816,5924025,No data available,,,,,,,,,,,,,,,,,,,,,,-126.0889943,21,
9664,No data available,,,51.29838956,5939007,No data available,,,,,,,,,,,,,,,,,,,,,,-116.9632197,21,
9756,No data available,,,59.18841231,5957804,No data available,,,,,,,,,,,,,,,,,,,,,,-129.2228848,21,
9741,No data available,,,48.57805354,5917815,No data available,,,,,,,,,,,,,,,,,,,,,,-124.4064145,21,
9672,No data available,,,49.03066823,5905032,No data available,,,,,,,,,,,,,,,,,,,,,,-118.4466715,21,
9803,No data available,,,54.95090542,5951032,No data available,,,,,,,,,,,,,,,,,,,,,,-126.2095191,21,
9674,No data available,,,49.09414178,5905042,No data available,,,,,,,,,,,,,,,,,,,,,,-118.6784766,21,
9742,No data available,,,57.90360776,5949843,No data available,,,,,,,,,,,,,,,,,,,,,,-131.1757308,21,
9743,No data available,,,50.69445047,5943808,No data available,,,,,,,,,,,,,,,,,,,,,,-126.597423,21,
9744,No data available,,,55.2570246,5949811,No data available,,,,,,,,,,,,,,,,,,,,,,-127.5997176,21,
9747,No data available,,,48.87610242,5919801,No data available,,,,,,,,,,,,,,,,,,,,,,-123.6930201,21,
9748,No data available,,,56.47932916,5955808,No data available,,,,,,,,,,,,,,,,,,,,,,-121.8688142,21,
9749,No data available,,,50.29509965,5933813,No data available,,,,,,,,,,,,,,,,,,,,,,-121.6269285,21,
9750,No data available,,,50.14844832,5933803,No data available,,,,,,,,,,,,,,,,,,,,,,-121.5200487,21,
9751,No data available,,,50.38726945,5937805,No data available,,,,,,,,,,,,,,,,,,,,,,-119.2335847,21,
10218,No data available,,,49.29774851,5909027,No data available,,,,,,,,,,,,,,,,,,,,,,-121.7842824,21,
9574,No data available,,,55.25835536,5949022,No data available,,,,,,,,,,,,,,,,,,,,,,-127.648282,21,
9752,No data available,,,49.39508879,5923806,No data available,,,,,,,,,,,,,,,,,,,,,,-126.4726203,21,
9753,No data available,,,51.10737517,5933819,No data available,,,,,,,,,,,,,,,,,,,,,,-121.998965,21,
10236,No data available,,,48.51647503,5917049,No data available,,,,,,,,,,,,,,,,,,,,,,-123.5059012,21,
9754,No data available,,,49.20775264,5909879,No data available,,,,,,,,,,,,,,,,,,,,,,-122.0245206,21,
9755,No data available,,,49.9485794,5924840,No data available,,,,,,,,,,,,,,,,,,,,,,-125.2428636,21,
10214,No data available,,,49.37995321,5909009,No data available,,,,,,,,,,,,,,,,,,,,,,-121.4546826,21,
9763,No data available,,,50.91518119,5943836,No data available,,,,,,,,,,,,,,,,,,,,,,-127.9029799,21,
9764,No data available,,,50.92378621,5943809,No data available,,,,,,,,,,,,,,,,,,,,,,-126.8213385,21,
9765,No data available,,,50.03131597,5924806,No data available,,,,,,,,,,,,,,,,,,,,,,-127.3778037,21,
9546,No data available,,,54.39692465,5951034,No data available,,,,,,,,,,,,,,,,,,,,,,-126.6664951,21,
9857,No data available,,,56.02358779,5955025,No data available,,,,,,,,,,,,,,,,,,,,,,-122.0068641,21,
9766,No data available,,,50.95721026,5939802,No data available,,,,,,,,,,,,,,,,,,,,,,-119.6357138,21,
9684,No data available,,,56.79627179,5955812,No data available,,,,,,,,,,,,,,,,,,,,,,-124.9083271,21,
9767,No data available,,,50.00187605,5909805,No data available,,,,,,,,,,,,,,,,,,,,,,-121.5088311,21,
9768,No data available,,,50.27693267,5933833,No data available,,,,,,,,,,,,,,,,,,,,,,-121.6007985,21,
9769,No data available,,,50.18860685,5933825,No data available,,,,,,,,,,,,,,,,,,,,,,-121.576579,21,
10159,No data available,,,50.5000846,5901039,No data available,,,,,,,,,,,,,,,,,,,,,,-116.0357462,21,
9770,No data available,,,49.54600069,5901802,No data available,,,,,,,,,,,,,,,,,,,,,,-115.5993215,21,
9771,No data available,,,57.83836903,5949832,No data available,,,,,,,,,,,,,,,,,,,,,,-129.9865864,21,
9772,No data available,,,48.94041276,5923807,No data available,,,,,,,,,,,,,,,,,,,,,,-125.5269748,21,
9773,No data available,,,54.74695162,5951830,No data available,,,,,,,,,,,,,,,,,,,,,,-127.015429,21,
9775,No data available,,,50.09258784,5933805,No data available,,,,,,,,,,,,,,,,,,,,,,-120.7570892,21,
9776,No data available,,,51.83540231,5941811,No data available,,,,,,,,,,,,,,,,,,,,,,-122.1691965,21,
9825,No data available,,,48.36129731,5917054,No data available,,,,,,,,,,,,,,,,,,,,,,-123.5829727,21,
9826,No data available,,,48.52792735,5917056,No data available,,,,,,,,,,,,,,,,,,,,,,-124.0982262,21,
9777,No data available,,,49.96226296,5909819,No data available,,,,,,,,,,,,,,,,,,,,,,-121.4850576,21,
9778,No data available,,,58.35580935,5959809,No data available,,,,,,,,,,,,,,,,,,,,,,-120.9075157,21,
10093,No data available,,,50.69420821,5933042,No data available,,,,,,,,,,,,,,,,,,,,,,-120.3276787,21,
9779,No data available,,,50.72968216,5933880,No data available,,,,,,,,,,,,,,,,,,,,,,-120.2572072,21,
9780,No data available,,,50.11383144,5933882,No data available,,,,,,,,,,,,,,,,,,,,,,-121.5604196,21,
10062,No data available,,,49.9085502,5903023,No data available,,,,,,,,,,,,,,,,,,,,,,-116.9140815,21,
9781,No data available,,,51.68264703,5945803,No data available,,,,,,,,,,,,,,,,,,,,,,-127.2033121,21,
9782,No data available,,,49.20284642,5915830,No data available,,,,,,,,,,,,,,,,,,,,,,-122.6736839,21,
9783,No data available,,,49.19430515,5915813,No data available,,,,,,,,,,,,,,,,,,,,,,-122.6529115,21,
10171,No data available,,,49.88500899,5935010,No data available,,,,,,,,,,,,,,,,,,,,,,-119.4402555,21,
10219,No data available,,,49.2812468,5909032,No data available,,,,,,,,,,,,,,,,,,,,,,-121.7798859,21,
9694,No data available,,,49.20575841,5907009,No data available,,,,,,,,,,,,,,,,,,,,,,-119.8256388,21,
9790,No data available,,,48.73856615,5919808,No data available,,,,,,,,,,,,,,,,,,,,,,-123.6108457,21,
10134,No data available,,,49.66787011,5901028,No data available,,,,,,,,,,,,,,,,,,,,,,-115.9827912,21,
9791,No data available,,,50.69362441,5943815,No data available,,,,,,,,,,,,,,,,,,,,,,-127.410965,21,
9792,No data available,,,55.35191671,5949813,No data available,,,,,,,,,,,,,,,,,,,,,,-127.6832586,21,
9793,No data available,,,53.97157599,5949803,No data available,,,,,,,,,,,,,,,,,,,,,,-128.6456667,21,
9794,No data available,,,52.58944354,5949802,No data available,,,,,,,,,,,,,,,,,,,,,,-128.5282626,21,
9553,No data available,,,53.97008301,5949005,No data available,,,,,,,,,,,,,,,,,,,,,,-128.7258781,21,
9612,No data available,,,56.03980036,5949039,No data available,,,,,,,,,,,,,,,,,,,,,,-129.345854,21,
9589,No data available,,,55.35613348,5949028,No data available,,,,,,,,,,,,,,,,,,,,,,-127.8281488,21,
9556,No data available,,,54.55577341,5949013,No data available,,,,,,,,,,,,,,,,,,,,,,-128.607907,21,
9558,No data available,,,53.23900486,5949020,No data available,,,,,,,,,,,,,,,,,,,,,,-128.5601373,21,
9613,No data available,,,57.38992,5949041,No data available,,,,,,,,,,,,,,,,,,,,,,-130.8715636,21,
9557,No data available,,,54.50959206,5949018,No data available,,,,,,,,,,,,,,,,,,,,,,-128.5343512,21,
9611,No data available,,,58.5022894,5949038,No data available,,,,,,,,,,,,,,,,,,,,,,-129.9889578,21,
9795,No data available,,,54.60990919,5949844,No data available,,,,,,,,,,,,,,,,,,,,,,-128.4241292,21,
9804,No data available,,,54.52744858,5949804,No data available,,,,,,,,,,,,,,,,,,,,,,-128.674888,21,
9808,No data available,,,50.20098799,5933823,No data available,,,,,,,,,,,,,,,,,,,,,,-121.5711984,21,
9811,No data available,,,50.22759272,5933829,No data available,,,,,,,,,,,,,,,,,,,,,,-121.5769888,21,
9818,No data available,,,50.26196382,5933831,No data available,,,,,,,,,,,,,,,,,,,,,,-121.5722561,21,
9820,No data available,,,49.29379034,5923822,No data available,,,,,,,,,,,,,,,,,,,,,,-124.8947947,21,
9821,No data available,,,50.23640995,5933832,No data available,,,,,,,,,,,,,,,,,,,,,,-121.5761855,21,
9822,No data available,,,50.36378591,5933861,No data available,,,,,,,,,,,,,,,,,,,,,,-121.238394,21,
9823,No data available,,,53.09121334,5941833,No data available,,,,,,,,,,,,,,,,,,,,,,-124.4909821,21,
9824,No data available,,,49.63643188,5901803,No data available,,,,,,,,,,,,,,,,,,,,,,-115.7338227,21,
9963,No data available,,,49.10033346,5905026,No data available,,,,,,,,,,,,,,,,,,,,,,-117.5828719,21,
9830,No data available,,,49.1339095,5905030,No data available,,,,,,,,,,,,,,,,,,,,,,-117.8852196,21,
9675,No data available,,,49.13422646,5905050,No data available,,,,,,,,,,,,,,,,,,,,,,-118.2043903,21,
9676,No data available,,,49.40670025,5905052,No data available,,,,,,,,,,,,,,,,,,,,,,-118.4523696,21,
9692,No data available,,,49.41430329,5905054,No data available,,,,,,,,,,,,,,,,,,,,,,-118.9436306,21,
9829,No data available,,,49.87114166,5909806,No data available,,,,,,,,,,,,,,,,,,,,,,-121.4532572,21,
9840,No data available,,,49.74265416,5931802,No data available,,,,,,,,,,,,,,,,,,,,,,-123.14039,21,
9841,No data available,,,54.56274032,5949805,No data available,,,,,,,,,,,,,,,,,,,,,,-128.4669524,21,
9844,No data available,,,53.42276446,5947806,No data available,,,,,,,,,,,,,,,,,,,,,,-129.2602897,21,
9845,No data available,,,53.42802377,5947802,No data available,,,,,,,,,,,,,,,,,,,,,,-129.2487576,21,
9846,No data available,,,54.4932152,5949807,No data available,,,,,,,,,,,,,,,,,,,,,,-128.58432,21,
9847,No data available,,,50.42396079,5933834,No data available,,,,,,,,,,,,,,,,,,,,,,-121.3179005,21,
9848,No data available,,,49.16384967,5909821,No data available,,,,,,,,,,,,,,,,,,,,,,-121.9796967,21,
9536,No data available,,,48.97826718,5919021,No data available,,,,,,,,,,,,,,,,,,,,,,-123.808399,21,
9849,No data available,,,49.18469609,5909880,No data available,,,,,,,,,,,,,,,,,,,,,,-122.0762736,21,
9526,No data available,,,50.07712406,5935016,No data available,,,,,,,,,,,,,,,,,,,,,,-119.3997562,21,
9813,No data available,,,48.82338137,5919016,No data available,,,,,,,,,,,,,,,,,,,,,,-124.0604677,21,
9850,No data available,,,53.92368551,5951813,No data available,,,,,,,,,,,,,,,,,,,,,,-124.1851967,21,
10234,No data available,,,48.45064936,5917044,No data available,,,,,,,,,,,,,,,,,,,,,,-123.5302606,21,
9745,No data available,,,49.09387854,5915001,No data available,,,,,,,,,,,,,,,,,,,,,,-122.572039,21,
9746,No data available,,,49.09869552,5915002,No data available,,,,,,,,,,,,,,,,,,,,,,-122.659744,21,
9851,No data available,,,49.18749148,5909856,No data available,,,,,,,,,,,,,,,,,,,,,,-122.4185213,21,
10145,No data available,,,49.23191578,5921008,No data available,,,,,,,,,,,,,,,,,,,,,,-124.100148,21,
9852,No data available,,,54.48033335,5947809,No data available,,,,,,,,,,,,,,,,,,,,,,-130.3910211,21,
9853,No data available,,,51.41695529,5941876,No data available,,,,,,,,,,,,,,,,,,,,,,-124.0707732,21,
9854,No data available,,,59.93095907,5957814,No data available,,,,,,,,,,,,,,,,,,,,,,-128.5031015,21,
9839,No data available,,,50.68298233,5931026,No data available,,,,,,,,,,,,,,,,,,,,,,-121.9177244,21,
9855,No data available,,,50.68971988,5931821,No data available,,,,,,,,,,,,,,,,,,,,,,-121.9543832,21,
9657,No data available,,,49.46258503,5915065,No data available,,,,,,,,,,,,,,,,,,,,,,-123.2378798,21,
9875,No data available,,,51.85246569,5941885,No data available,,,,,,,,,,,,,,,,,,,,,,-122.090593,21,
10033,No data available,,,50.4865932,5933035,No data available,,,,,,,,,,,,,,,,,,,,,,-121.0281249,21,
9876,No data available,,,51.46979287,5941808,No data available,,,,,,,,,,,,,,,,,,,,,,-123.9357696,21,
9877,No data available,,,51.13425371,5933888,No data available,,,,,,,,,,,,,,,,,,,,,,-120.1259076,21,
9883,No data available,,,50.8822647,5933836,No data available,,,,,,,,,,,,,,,,,,,,,,-121.4897979,21,
9757,No data available,,,59.92433696,5957813,No data available,,,,,,,,,,,,,,,,,,,,,,-128.4975704,21,
9888,No data available,,,49.1180203,5907801,No data available,,,,,,,,,,,,,,,,,,,,,,-119.7383703,21,
9893,No data available,,,49.3517058,5909810,No data available,,,,,,,,,,,,,,,,,,,,,,-121.6133424,21,
9894,No data available,,,49.40351486,5907850,No data available,,,,,,,,,,,,,,,,,,,,,,-120.2291014,21,
9511,No data available,,,50.24977802,5937005,No data available,,,,,,,,,,,,,,,,,,,,,,-118.9724637,21,
9895,No data available,,,49.09458156,5919813,No data available,,,,,,,,,,,,,,,,,,,,,,-123.6772534,21,
10010,No data available,,,50.22582531,5933015,No data available,,,,,,,,,,,,,,,,,,,,,,-121.5708048,21,
9896,No data available,,,50.44075067,5933839,No data available,,,,,,,,,,,,,,,,,,,,,,-121.7147799,21,
9897,No data available,,,50.42645206,5933840,No data available,,,,,,,,,,,,,,,,,,,,,,-121.7086951,21,
9899,No data available,,,50.30677603,5933841,No data available,,,,,,,,,,,,,,,,,,,,,,-121.6498174,21,
9900,No data available,,,50.27207489,5933842,No data available,,,,,,,,,,,,,,,,,,,,,,-121.6249174,21,
9869,No data available,,,55.31410356,5953033,No data available,,,,,,,,,,,,,,,,,,,,,,-123.1472702,21,
9901,No data available,,,48.99526637,5923810,No data available,,,,,,,,,,,,,,,,,,,,,,-125.3801054,21,
9905,No data available,,,48.80775027,5919814,No data available,,,,,,,,,,,,,,,,,,,,,,-124.6688311,21,
9906,No data available,,,48.62034092,5919815,No data available,,,,,,,,,,,,,,,,,,,,,,-123.5301977,21,
10123,No data available,,,49.26186384,5915075,No data available,,,,,,,,,,,,,,,,,,,,,,-122.516214,21,
9907,No data available,,,50.81922329,5933872,No data available,,,,,,,,,,,,,,,,,,,,,,-121.6648521,21,
9908,No data available,,,49.27735526,5923808,No data available,,,,,,,,,,,,,,,,,,,,,,-126.0584283,21,
9762,No data available,,,54.02004674,5947023,No data available,,,,,,,,,,,,,,,,,,,,,,-132.1070345,21,
9909,No data available,,,54.03954371,5947803,No data available,,,,,,,,,,,,,,,,,,,,,,-132.1780265,21,
9910,No data available,,,49.00521668,5915825,No data available,,,,,,,,,,,,,,,,,,,,,,-122.4763017,21,
9911,No data available,,,49.10883337,5909878,No data available,,,,,,,,,,,,,,,,,,,,,,-122.3512174,21,
9866,No data available,,,53.30670317,5953012,No data available,,,,,,,,,,,,,,,,,,,,,,-120.1668662,21,
9912,No data available,,,50.65810414,5931823,No data available,,,,,,,,,,,,,,,,,,,,,,-121.8989919,21,
9913,No data available,,,54.96241554,5953802,No data available,,,,,,,,,,,,,,,,,,,,,,-123.0524859,21,
9914,No data available,,,49.17491505,5915816,No data available,,,,,,,,,,,,,,,,,,,,,,-122.5650957,21,
10007,No data available,,,50.11285116,5933006,No data available,,,,,,,,,,,,,,,,,,,,,,-120.7752772,21,
9915,No data available,,,56.36689267,5955850,No data available,,,,,,,,,,,,,,,,,,,,,,-125.4186506,21,
10194,No data available,,,48.3736254,5917042,No data available,,,,,,,,,,,,,,,,,,,,,,-123.5659185,21,
10082,No data available,,,49.36688929,5915020,No data available,,,,,,,,,,,,,,,,,,,,,,-123.0661166,21,
9916,No data available,,,52.15022465,5941879,No data available,,,,,,,,,,,,,,,,,,,,,,-123.9148938,21,
9673,No data available,,,49.00888305,5905037,No data available,,,,,,,,,,,,,,,,,,,,,,-118.7990516,21,
9815,No data available,,,49.23243591,5909056,No data available,,,,,,,,,,,,,,,,,,,,,,-122.3425972,21,
9917,No data available,,,49.31540745,5915807,No data available,,,,,,,,,,,,,,,,,,,,,,-123.0885523,21,
9918,No data available,,,50.70464413,5931833,No data available,,,,,,,,,,,,,,,,,,,,,,-122.2802603,21,
9919,No data available,,,54.45437277,5951849,No data available,,,,,,,,,,,,,,,,,,,,,,-124.2685052,21,
9527,No data available,,,49.07795114,5905009,No data available,,,,,,,,,,,,,,,,,,,,,,-117.5905831,21,
9920,No data available,,,55.01167473,5949817,No data available,,,,,,,,,,,,,,,,,,,,,,-127.3237214,21,
9921,No data available,,,50.3250326,5931843,No data available,,,,,,,,,,,,,,,,,,,,,,-122.6804145,21,
9882,No data available,,,51.11484076,5943037,No data available,,,,,,,,,,,,,,,,,,,,,,-126.2951216,21,
9879,No data available,,,50.60439351,5943027,No data available,,,,,,,,,,,,,,,,,,,,,,-128.2507014,21,
9880,No data available,,,50.56291255,5943031,No data available,,,,,,,,,,,,,,,,,,,,,,-127.3739573,21,
9881,No data available,,,50.28804968,5943033,No data available,,,,,,,,,,,,,,,,,,,,,,-126.5518642,21,
9922,No data available,,,49.22945435,5915803,No data available,,,,,,,,,,,,,,,,,,,,,,-123.2074553,21,
9923,No data available,,,49.06681245,5915810,No data available,,,,,,,,,,,,,,,,,,,,,,-123.1250416,21,
9924,No data available,,,54.43127133,5951803,No data available,,,,,,,,,,,,,,,,,,,,,,-124.2467285,21,
9890,No data available,,,50.24996769,5903050,No data available,,,,,,,,,,,,,,,,,,,,,,-117.7975675,21,
9638,No data available,,,49.1788992,5921007,No data available,,,,,,,,,,,,,,,,,,,,,,-123.9542924,21,
10167,No data available,,,49.08705425,5921010,No data available,,,,,,,,,,,,,,,,,,,,,,-123.8362102,21,
10168,No data available,,,49.16438515,5921014,No data available,,,,,,,,,,,,,,,,,,,,,,-123.6712439,21,
10169,No data available,,,49.1649086,5921016,No data available,,,,,,,,,,,,,,,,,,,,,,-124.1573816,21,
10047,No data available,,,49.30612694,5921030,No data available,,,,,,,,,,,,,,,,,,,,,,-124.1591556,21,
10177,No data available,,,49.2783717,5921032,No data available,,,,,,,,,,,,,,,,,,,,,,-124.4635449,21,
10178,No data available,,,49.37750227,5921034,No data available,,,,,,,,,,,,,,,,,,,,,,-124.4047377,21,
10179,No data available,,,49.3867594,5921036,No data available,,,,,,,,,,,,,,,,,,,,,,-124.6963891,21,
9925,No data available,,,49.12421309,5921807,No data available,,,,,,,,,,,,,,,,,,,,,,-123.8799868,21,
9926,No data available,,,49.15049697,5921804,No data available,,,,,,,,,,,,,,,,,,,,,,-123.9291504,21,
9927,No data available,,,49.25196607,5921805,No data available,,,,,,,,,,,,,,,,,,,,,,-124.1235488,21,
9928,No data available,,,54.07957772,5951802,No data available,,,,,,,,,,,,,,,,,,,,,,-124.5972582,21,
9932,No data available,,,52.95431317,5941837,No data available,,,,,,,,,,,,,,,,,,,,,,-123.5836443,21,
9933,No data available,,,50.70345358,5931826,No data available,,,,,,,,,,,,,,,,,,,,,,-122.2983984,21,
9934,No data available,,,55.04740923,5951846,No data available,,,,,,,,,,,,,,,,,,,,,,-126.3238627,21,
9935,No data available,,,51.42208825,5933886,No data available,,,,,,,,,,,,,,,,,,,,,,-120.1989508,21,
9936,No data available,,,50.10804947,5933896,No data available,,,,,,,,,,,,,,,,,,,,,,-121.5544515,21,
9979,No data available,,,49.48021139,5903015,No data available,,,,,,,,,,,,,,,,,,,,,,-117.3664278,21,
9937,No data available,,,49.91029765,5924843,No data available,,,,,,,,,,,,,,,,,,,,,,-125.2092648,21,
9938,No data available,,,50.54511373,5931844,No data available,,,,,,,,,,,,,,,,,,,,,,-122.4802974,21,
9939,No data available,,,50.54327967,5931827,No data available,,,,,,,,,,,,,,,,,,,,,,-121.786181,21,
9940,No data available,,,50.77080993,5933898,No data available,,,,,,,,,,,,,,,,,,,,,,-119.7427714,21,
9941,No data available,,,50.30674129,5931812,No data available,,,,,,,,,,,,,,,,,,,,,,-122.6486816,21,
10064,No data available,,,49.98925797,5903032,No data available,,,,,,,,,,,,,,,,,,,,,,-117.3768959,21,
9588,No data available,,,55.23661344,5949024,No data available,,,,,,,,,,,,,,,,,,,,,,-127.5951471,21,
9942,No data available,,,48.44533711,5917812,No data available,,,,,,,,,,,,,,,,,,,,,,-123.4236689,21,
10144,No data available,,,49.20808996,5915029,No data available,,,,,,,,,,,,,,,,,,,,,,-122.9193019,21,
9943,No data available,,,50.44728386,5933848,No data available,,,,,,,,,,,,,,,,,,,,,,-121.7008844,21,
9944,No data available,,,50.2088448,5933850,No data available,,,,,,,,,,,,,,,,,,,,,,-121.5861107,21,
9945,No data available,,,50.20897942,5933806,No data available,,,,,,,,,,,,,,,,,,,,,,-120.460819,21,
9946,No data available,,,50.18615326,5933807,No data available,,,,,,,,,,,,,,,,,,,,,,-120.8414961,21,
9947,No data available,,,50.26357939,5933851,No data available,,,,,,,,,,,,,,,,,,,,,,-121.401835,21,
9948,No data available,,,50.58258898,5943835,No data available,,,,,,,,,,,,,,,,,,,,,,-126.9270625,21,
9610,No data available,,,55.10752529,5949035,No data available,,,,,,,,,,,,,,,,,,,,,,-129.431242,21,
9949,No data available,,,50.32999559,5933870,No data available,,,,,,,,,,,,,,,,,,,,,,-121.6596845,21,
9950,No data available,,,50.24957273,5933852,No data available,,,,,,,,,,,,,,,,,,,,,,-121.5989374,21,
9951,No data available,,,50.18683161,5933808,No data available,,,,,,,,,,,,,,,,,,,,,,-121.0661897,21,
9952,No data available,,,54.02084802,5951832,No data available,,,,,,,,,,,,,,,,,,,,,,-124.0749217,21,
9953,No data available,,,50.78435451,5939803,No data available,,,,,,,,,,,,,,,,,,,,,,-119.3228305,21,
9760,No data available,,,54.47364203,5947016,No data available,,,,,,,,,,,,,,,,,,,,,,-130.2421092,21,
9761,No data available,,,53.69656252,5947021,No data available,,,,,,,,,,,,,,,,,,,,,,-130.0575918,21,
9787,No data available,,,53.9444605,5947027,No data available,,,,,,,,,,,,,,,,,,,,,,-132.0687648,21,
9789,No data available,,,52.65768787,5947032,No data available,,,,,,,,,,,,,,,,,,,,,,-131.6147055,21,
9819,No data available,,,48.84003764,5919008,No data available,,,,,,,,,,,,,,,,,,,,,,-123.6942816,21,
9697,No data available,,,50.31216187,5937017,No data available,,,,,,,,,,,,,,,,,,,,,,-119.4974259,21,
9698,No data available,,,50.34284099,5937021,No data available,,,,,,,,,,,,,,,,,,,,,,-119.1012957,21,
9699,No data available,,,50.15817081,5937022,No data available,,,,,,,,,,,,,,,,,,,,,,-118.8733024,21,
9700,No data available,,,50.30913597,5937023,No data available,,,,,,,,,,,,,,,,,,,,,,-118.4535027,21,
9512,No data available,,,50.67140483,5937041,No data available,,,,,,,,,,,,,,,,,,,,,,-118.7611784,21,
10225,No data available,,,48.65762194,5917005,No data available,,,,,,,,,,,,,,,,,,,,,,-123.4429888,21,
9954,No data available,,,55.48303909,5951848,No data available,,,,,,,,,,,,,,,,,,,,,,-125.9694743,21,
9955,No data available,,,51.29148143,5933887,No data available,,,,,,,,,,,,,,,,,,,,,,-120.1552506,21,
9639,No data available,,,49.31474344,5915051,No data available,,,,,,,,,,,,,,,,,,,,,,-123.0719884,21,
10210,No data available,,,49.36154969,5915046,No data available,,,,,,,,,,,,,,,,,,,,,,-123.0029529,21,
9774,No data available,,,59.08033528,5959007,No data available,,,,,,,,,,,,,,,,,,,,,,-123.4334862,21,
9956,No data available,,,48.8991065,5923809,No data available,,,,,,,,,,,,,,,,,,,,,,-124.9902579,21,
9957,No data available,,,50.25781292,5933853,No data available,,,,,,,,,,,,,,,,,,,,,,-121.5890875,21,
9662,No data available,,,48.43000321,5917030,No data available,,,,,,,,,,,,,,,,,,,,,,-123.3079136,21,
9958,No data available,,,49.98962668,5924833,No data available,,,,,,,,,,,,,,,,,,,,,,-126.9405679,21,
9965,No data available,,,49.33843992,5909807,No data available,,,,,,,,,,,,,,,,,,,,,,-121.6061151,21,
9966,No data available,,,50.31592276,5937801,No data available,,,,,,,,,,,,,,,,,,,,,,-119.3605785,21,
9967,No data available,,,50.44570563,5939804,No data available,,,,,,,,,,,,,,,,,,,,,,-119.3426908,21,
9843,No data available,,,49.05902263,5907022,No data available,,,,,,,,,,,,,,,,,,,,,,-119.4551639,21,
9862,No data available,,,49.0759682,5907026,No data available,,,,,,,,,,,,,,,,,,,,,,-119.7466939,21,
9863,No data available,,,49.20036897,5907028,No data available,,,,,,,,,,,,,,,,,,,,,,-119.458563,21,
10212,No data available,,,49.37257988,5907047,No data available,,,,,,,,,,,,,,,,,,,,,,-119.4100556,21,
10088,No data available,,,49.63301532,5907049,No data available,,,,,,,,,,,,,,,,,,,,,,-119.5176241,21,
9885,No data available,,,49.61503231,5907051,No data available,,,,,,,,,,,,,,,,,,,,,,-119.8728604,21,
9886,No data available,,,49.23819104,5907053,No data available,,,,,,,,,,,,,,,,,,,,,,-120.0769741,21,
9887,No data available,,,49.46903202,5907055,No data available,,,,,,,,,,,,,,,,,,,,,,-120.5681746,21,
10087,No data available,,,49.3735962,5907048,No data available,,,,,,,,,,,,,,,,,,,,,,-119.7525174,21,
9842,No data available,,,49.18444962,5907014,No data available,,,,,,,,,,,,,,,,,,,,,,-119.5500298,21,
9968,No data available,,,53.99086442,5951819,No data available,,,,,,,,,,,,,,,,,,,,,,-125.8544908,21,
9627,No data available,,,51.64133871,5941005,No data available,,,,,,,,,,,,,,,,,,,,,,-121.3127407,21,
9969,No data available,,,49.17638831,5923813,No data available,,,,,,,,,,,,,,,,,,,,,,-125.9109844,21,
9970,No data available,,,50.59917891,5933846,No data available,,,,,,,,,,,,,,,,,,,,,,-121.3213038,21,
9693,No data available,,,49.02635053,5907005,No data available,,,,,,,,,,,,,,,,,,,,,,-119.4706171,21,
9971,No data available,,,49.15056153,5907802,No data available,,,,,,,,,,,,,,,,,,,,,,-119.4898204,21,
9972,No data available,,,49.01848863,5919816,No data available,,,,,,,,,,,,,,,,,,,,,,-123.8576802,21,
9973,No data available,,,54.33134341,5951820,No data available,,,,,,,,,,,,,,,,,,,,,,-125.8878505,21,
9974,No data available,,,50.23700764,5933855,No data available,,,,,,,,,,,,,,,,,,,,,,-121.5927569,21,
9975,No data available,,,50.12198396,5909852,No data available,,,,,,,,,,,,,,,,,,,,,,-122.5277212,21,
10028,No data available,,,49.31867169,5921018,No data available,,,,,,,,,,,,,,,,,,,,,,-124.3042141,21,
9976,No data available,,,50.65102771,5931828,No data available,,,,,,,,,,,,,,,,,,,,,,-121.9118143,21,
9977,No data available,,,50.6163011,5933854,No data available,,,,,,,,,,,,,,,,,,,,,,-121.315805,21,
9978,No data available,,,49.98788635,5933809,No data available,,,,,,,,,,,,,,,,,,,,,,-120.9622006,21,
9985,No data available,,,50.88361417,5931829,No data available,,,,,,,,,,,,,,,,,,,,,,-121.8438266,21,
9903,No data available,,,57.07658188,5955040,No data available,,,,,,,,,,,,,,,,,,,,,,-123.5167025,21,
9904,No data available,,,56.23586073,5955042,No data available,,,,,,,,,,,,,,,,,,,,,,-120.782401,21,
10250,No data available,,,55.05249881,5955021,No data available,,,,,,,,,,,,,,,,,,,,,,-120.4202762,21,
9856,No data available,,,55.59639236,5955023,No data available,,,,,,,,,,,,,,,,,,,,,,-121.859541,21,
9505,No data available,,,49.77534017,5935018,No data available,,,,,,,,,,,,,,,,,,,,,,-119.738877,21,
9835,No data available,,,50.31511751,5931012,No data available,,,,,,,,,,,,,,,,,,,,,,-122.8727972,21,
9986,No data available,,,50.48673506,5933857,No data available,,,,,,,,,,,,,,,,,,,,,,-121.2668399,21,
9987,No data available,,,48.96171416,5919809,No data available,,,,,,,,,,,,,,,,,,,,,,-123.6455153,21,
10211,No data available,,,49.49473702,5907041,No data available,,,,,,,,,,,,,,,,,,,,,,-119.5697221,21,
9988,No data available,,,49.47735816,5907803,No data available,,,,,,,,,,,,,,,,,,,,,,-119.6848121,21,
9989,No data available,,,49.69691114,5926802,No data available,,,,,,,,,,,,,,,,,,,,,,-125.0033605,21,
9990,No data available,,,50.61380437,5933837,No data available,,,,,,,,,,,,,,,,,,,,,,-121.3825425,21,
9991,No data available,,,49.30327714,5909843,No data available,,,,,,,,,,,,,,,,,,,,,,-121.6539387,21,
9658,No data available,,,49.27197077,5915070,No data available,,,,,,,,,,,,,,,,,,,,,,-122.6637913,21,
9992,No data available,,,54.22658483,5951844,No data available,,,,,,,,,,,,,,,,,,,,,,-125.7865315,21,
9993,No data available,,,49.20766686,5909844,No data available,,,,,,,,,,,,,,,,,,,,,,-121.7193179,21,
10180,No data available,,,49.24694734,5923008,No data available,,,,,,,,,,,,,,,,,,,,,,-124.8028607,21,
10025,No data available,,,50.4157609,5943017,No data available,,,,,,,,,,,,,,,,,,,,,,-127.4833518,21,
9788,No data available,,,53.66033204,5947030,No data available,,,,,,,,,,,,,,,,,,,,,,-132.2410683,21,
10209,No data available,,,49.25334435,5915039,No data available,,,,,,,,,,,,,,,,,,,,,,-122.7619348,21,
9634,No data available,,,54.21428462,5947007,No data available,,,,,,,,,,,,,,,,,,,,,,-130.1202586,21,
9878,No data available,,,50.69561222,5943023,No data available,,,,,,,,,,,,,,,,,,,,,,-127.4394815,21,
10001,No data available,,,50.5893968,5943012,No data available,,,,,,,,,,,,,,,,,,,,,,-127.1157936,21,
10170,No data available,,,49.2971476,5915043,No data available,,,,,,,,,,,,,,,,,,,,,,-122.8743385,21,
9994,No data available,,,49.01621582,5919817,No data available,,,,,,,,,,,,,,,,,,,,,,-123.597064,21,
10118,No data available,,,55.71825686,5955005,No data available,,,,,,,,,,,,,,,,,,,,,,-120.132763,21,
9728,No data available,,,49.85628185,5927008,No data available,,,,,,,,,,,,,,,,,,,,,,-124.5372934,21,
9996,No data available,,,50.24704412,5937803,No data available,,,,,,,,,,,,,,,,,,,,,,-119.3390772,21,
9868,No data available,,,53.92383451,5953023,No data available,,,,,,,,,,,,,,,,,,,,,,-122.7757405,21,
9689,No data available,,,54.28537592,5947012,No data available,,,,,,,,,,,,,,,,,,,,,,-130.3007575,21,
9884,No data available,,,49.36109396,5907024,No data available,,,,,,,,,,,,,,,,,,,,,,-120.5180205,21,
9997,No data available,,,58.08041675,5959810,No data available,,,,,,,,,,,,,,,,,,,,,,-122.6965857,21,
9998,No data available,,,49.4462217,5909808,No data available,,,,,,,,,,,,,,,,,,,,,,-121.4349681,21,
9999,No data available,,,52.20659395,5941838,No data available,,,,,,,,,,,,,,,,,,,,,,-124.0585968,21,
10002,No data available,,,50.051639,5909875,No data available,,,,,,,,,,,,,,,,,,,,,,-122.5390725,21,
9729,No data available,,,50.34792699,5927010,No data available,,,,,,,,,,,,,,,,,,,,,,-124.3547022,21,
9730,No data available,,,49.88486324,5927012,No data available,,,,,,,,,,,,,,,,,,,,,,-124.4730506,21,
9738,No data available,,,49.8831548,5927016,No data available,,,,,,,,,,,,,,,,,,,,,,-124.2477177,21,
9739,No data available,,,49.64712183,5927018,No data available,,,,,,,,,,,,,,,,,,,,,,-124.427314,21,
9618,No data available,,,49.46093216,5927020,No data available,,,,,,,,,,,,,,,,,,,,,,-124.2794672,21,
10003,No data available,,,50.88330263,5939805,No data available,,,,,,,,,,,,,,,,,,,,,,-119.6046413,21,
10005,No data available,,,50.97103578,5943813,No data available,,,,,,,,,,,,,,,,,,,,,,-126.179158,21,
10006,No data available,,,49.39768256,5921806,No data available,,,,,,,,,,,,,,,,,,,,,,-124.613794,21,
10029,No data available,,,49.34680829,5921023,No data available,,,,,,,,,,,,,,,,,,,,,,-124.4288576,21,
10011,No data available,,,50.6154084,5943816,No data available,,,,,,,,,,,,,,,,,,,,,,-127.570478,21,
9786,No data available,,,53.24718114,5947026,No data available,,,,,,,,,,,,,,,,,,,,,,-132.0892049,21,
9671,No data available,,,52.98769982,5941013,No data available,,,,,,,,,,,,,,,,,,,,,,-122.4757109,21,
10012,No data available,,,52.94963556,5941809,No data available,,,,,,,,,,,,,,,,,,,,,,-122.4740609,21,
10013,No data available,,,50.01933146,5924812,No data available,,,,,,,,,,,,,,,,,,,,,,-125.291819,21,
10160,No data available,,,50.62708789,5901040,No data available,,,,,,,,,,,,,,,,,,,,,,-116.0813342,21,
10014,No data available,,,52.13865036,5941839,No data available,,,,,,,,,,,,,,,,,,,,,,-123.9575699,21,
10015,No data available,,,49.36565956,5923824,No data available,,,,,,,,,,,,,,,,,,,,,,-126.271824,21,
9666,No data available,,,50.9973374,5939019,No data available,,,,,,,,,,,,,,,,,,,,,,-118.191536,21,
9636,No data available,,,49.16998138,5915015,No data available,,,,,,,,,,,,,,,,,,,,,,-123.1683013,21,
10182,No data available,,,49.12179258,5905023,No data available,,,,,,,,,,,,,,,,,,,,,,-117.8464661,21,
10016,No data available,,,49.35530871,5909851,No data available,,,,,,,,,,,,,,,,,,,,,,-121.6075494,21,
10017,No data available,,,54.35562647,5947810,No data available,,,,,,,,,,,,,,,,,,,,,,-130.4400108,21,
10248,No data available,,,48.49628045,5917021,No data available,,,,,,,,,,,,,,,,,,,,,,-123.3872578,21,
10018,No data available,,,48.83687289,5923814,No data available,,,,,,,,,,,,,,,,,,,,,,-125.1054058,21,
10019,No data available,,,49.98716589,5909883,No data available,,,,,,,,,,,,,,,,,,,,,,-122.4517788,21,
10020,No data available,,,49.63091812,5909809,No data available,,,,,,,,,,,,,,,,,,,,,,-121.3946772,21,
10021,No data available,,,50.81866187,5933884,No data available,,,,,,,,,,,,,,,,,,,,,,-119.7306655,21,
9961,No data available,,,49.1907478,5903011,No data available,,,,,,,,,,,,,,,,,,,,,,-117.2802807,21,
9712,No data available,,,50.69968866,5939032,No data available,,,,,,,,,,,,,,,,,,,,,,-119.2846478,21,
10022,No data available,,,50.49324609,5939806,No data available,,,,,,,,,,,,,,,,,,,,,,-119.3160467,21,
10023,No data available,,,52.9726208,5941862,No data available,,,,,,,,,,,,,,,,,,,,,,-125.1544492,21,
9660,No data available,,,48.82060049,5917027,No data available,,,,,,,,,,,,,,,,,,,,,,-123.4942349,21,
10024,No data available,,,51.82048408,5941868,No data available,,,,,,,,,,,,,,,,,,,,,,-122.0966897,21,
10050,No data available,,,50.37507222,5924039,No data available,,,,,,,,,,,,,,,,,,,,,,-125.9493774,21,
10026,No data available,,,49.17865863,5909838,No data available,,,,,,,,,,,,,,,,,,,,,,-121.8330923,21,
10027,No data available,,,49.39609756,5909812,No data available,,,,,,,,,,,,,,,,,,,,,,-121.4550927,21,
10036,No data available,,,50.91880455,5939807,No data available,,,,,,,,,,,,,,,,,,,,,,-119.4810935,21,
10037,No data available,,,49.23202434,5909833,No data available,,,,,,,,,,,,,,,,,,,,,,-121.9367753,21,
10038,No data available,,,49.27564418,5909832,No data available,,,,,,,,,,,,,,,,,,,,,,-121.7103171,21,
10039,No data available,,,50.49819571,5933858,No data available,,,,,,,,,,,,,,,,,,,,,,-121.7351753,21,
10040,No data available,,,49.75419624,5931806,No data available,,,,,,,,,,,,,,,,,,,,,,-123.1417635,21,
10041,No data available,,,54.0575685,5951806,No data available,,,,,,,,,,,,,,,,,,,,,,-124.7669094,21,
10233,No data available,,,49.48144332,5929011,No data available,,,,,,,,,,,,,,,,,,,,,,-123.7621327,21,
9600,No data available,,,49.81282815,5929803,No data available,,,,,,,,,,,,,,,,,,,,,,-123.7901164,21,
10231,No data available,,,49.77450897,5927806,No data available,,,,,,,,,,,,,,,,,,,,,,-124.334607,21,
10042,No data available,,,49.01266591,5915801,No data available,,,,,,,,,,,,,,,,,,,,,,-122.7685407,21,
10043,No data available,,,50.66781028,5931824,No data available,,,,,,,,,,,,,,,,,,,,,,-121.9884744,21,
10044,No data available,,,49.30561532,5915811,No data available,,,,,,,,,,,,,,,,,,,,,,-123.0251484,21,
10045,No data available,,,50.28737921,5933859,No data available,,,,,,,,,,,,,,,,,,,,,,-121.1919565,21,
10046,No data available,,,50.41678682,5933895,No data available,,,,,,,,,,,,,,,,,,,,,,-121.3560017,21,
10048,No data available,,,49.04163082,5919811,No data available,,,,,,,,,,,,,,,,,,,,,,-123.6377386,21,
10049,No data available,,,50.53730465,5901806,No data available,,,,,,,,,,,,,,,,,,,,,,-116.0194066,21,
10084,No data available,,,50.83583673,5939045,No data available,,,,,,,,,,,,,,,,,,,,,,-118.9802957,21,
10226,No data available,,,48.65371015,5917010,No data available,,,,,,,,,,,,,,,,,,,,,,-123.4043019,21,
10055,No data available,,,55.30957646,5949818,No data available,,,,,,,,,,,,,,,,,,,,,,-127.6845651,21,
10063,No data available,,,49.95293095,5903027,No data available,,,,,,,,,,,,,,,,,,,,,,-117.3607259,21,
10056,No data available,,,50.13652668,5933849,No data available,,,,,,,,,,,,,,,,,,,,,,-121.569864,21,
10057,No data available,,,49.36194153,5909814,No data available,,,,,,,,,,,,,,,,,,,,,,-121.5903619,21,
10058,No data available,,,50.81929261,5933817,No data available,,,,,,,,,,,,,,,,,,,,,,-120.958402,21,
10059,No data available,,,53.27712634,5947804,No data available,,,,,,,,,,,,,,,,,,,,,,-131.9842477,21,
10060,No data available,,,53.9973792,5951823,No data available,,,,,,,,,,,,,,,,,,,,,,-125.8793698,21,
10067,No data available,,,53.94853582,5951824,No data available,,,,,,,,,,,,,,,,,,,,,,-125.6544005,21,
10068,No data available,,,49.9439168,5909845,No data available,,,,,,,,,,,,,,,,,,,,,,-122.4113874,21,
10069,No data available,,,49.13744038,5909884,No data available,,,,,,,,,,,,,,,,,,,,,,-121.9428107,21,
10070,No data available,,,50.19479811,5933824,No data available,,,,,,,,,,,,,,,,,,,,,,-121.5789812,21,
10071,No data available,,,50.17240389,5933865,No data available,,,,,,,,,,,,,,,,,,,,,,-121.5782925,21,
10072,No data available,,,49.17606533,5909824,No data available,,,,,,,,,,,,,,,,,,,,,,-121.9768383,21,
10073,No data available,,,49.18645047,5909825,No data available,,,,,,,,,,,,,,,,,,,,,,-121.9638377,21,
10074,No data available,,,49.17023692,5909826,No data available,,,,,,,,,,,,,,,,,,,,,,-121.9954588,21,
10075,No data available,,,50.19249304,5933866,No data available,,,,,,,,,,,,,,,,,,,,,,-121.5904021,21,
10076,No data available,,,49.17193599,5909881,No data available,,,,,,,,,,,,,,,,,,,,,,-122.0835867,21,
10207,No data available,,,49.90568164,5927802,No data available,,,,,,,,,,,,,,,,,,,,,,-124.6044029,21,
10061,No data available,,,49.76660659,5903019,No data available,,,,,,,,,,,,,,,,,,,,,,-117.4688646,21,
10077,No data available,,,50.72583003,5931831,No data available,,,,,,,,,,,,,,,,,,,,,,-122.2304177,21,
9548,No data available,,,54.78615034,5951043,No data available,,,,,,,,,,,,,,,,,,,,,,-127.164923,21,
10078,No data available,,,52.32264275,5941810,No data available,,,,,,,,,,,,,,,,,,,,,,-122.2666581,21,
10237,No data available,,,48.39363395,5917052,No data available,,,,,,,,,,,,,,,,,,,,,,-123.693334,21,
10079,No data available,,,49.08375913,5909827,No data available,,,,,,,,,,,,,,,,,,,,,,-121.9568006,21,
10080,No data available,,,48.58493106,5917804,No data available,,,,,,,,,,,,,,,,,,,,,,-123.4553383,21,
9661,No data available,,,48.79884002,5917029,No data available,,,,,,,,,,,,,,,,,,,,,,-123.3009407,21,
10085,No data available,,,54.42067603,5951804,No data available,,,,,,,,,,,,,,,,,,,,,,-124.3976196,21,
10065,No data available,,,50.44618686,5937024,No data available,,,,,,,,,,,,,,,,,,,,,,-119.2121506,21,
10166,No data available,,,49.7585552,5901006,No data available,,,,,,,,,,,,,,,,,,,,,,-114.797267,21,
10086,No data available,,,50.42151321,5933881,No data available,,,,,,,,,,,,,,,,,,,,,,-121.3472836,21,
10089,No data available,,,49.93881678,5909815,No data available,,,,,,,,,,,,,,,,,,,,,,-121.4770029,21,
10090,No data available,,,50.3378098,5933868,No data available,,,,,,,,,,,,,,,,,,,,,,-121.6514966,21,
10098,No data available,,,49.6601445,5909816,No data available,,,,,,,,,,,,,,,,,,,,,,-121.4147242,21,
10099,No data available,,,51.07861803,5933889,No data available,,,,,,,,,,,,,,,,,,,,,,-119.778767,21,
9834,No data available,,,49.74455602,5931006,No data available,,,,,,,,,,,,,,,,,,,,,,-123.1409684,21,
9827,No data available,,,50.87396747,5931032,No data available,,,,,,,,,,,,,,,,,,,,,,-122.9349731,21,
9828,No data available,,,50.72446117,5931034,No data available,,,,,,,,,,,,,,,,,,,,,,-122.1482165,21,
9836,No data available,,,50.43916949,5931017,No data available,,,,,,,,,,,,,,,,,,,,,,-123.1262804,21,
9838,No data available,,,49.93276806,5931021,No data available,,,,,,,,,,,,,,,,,,,,,,-123.2127067,21,
10100,No data available,,,48.90140656,5919802,No data available,,,,,,,,,,,,,,,,,,,,,,-123.6951727,21,
10101,No data available,,,49.24076702,5909882,No data available,,,,,,,,,,,,,,,,,,,,,,-122.0002241,21,
10102,No data available,,,49.15673233,5909885,No data available,,,,,,,,,,,,,,,,,,,,,,-121.9858929,21,
10103,No data available,,,52.47637238,5941840,No data available,,,,,,,,,,,,,,,,,,,,,,-125.3000099,21,
10104,No data available,,,50.14488376,5924818,No data available,,,,,,,,,,,,,,,,,,,,,,-124.9206184,21,
10105,No data available,,,49.58307834,5901808,No data available,,,,,,,,,,,,,,,,,,,,,,-115.7664089,21,
10106,No data available,,,49.69066013,5931807,No data available,,,,,,,,,,,,,,,,,,,,,,-123.1494332,21,
10107,No data available,,,54.05158204,5951807,No data available,,,,,,,,,,,,,,,,,,,,,,-124.9092913,21,
10108,No data available,,,50.84582528,5933892,No data available,,,,,,,,,,,,,,,,,,,,,,-119.6177084,21,
9609,No data available,,,56.13511147,5949032,No data available,,,,,,,,,,,,,,,,,,,,,,-130.1528814,21,
9687,No data available,,,58.70232139,5957022,No data available,,,,,,,,,,,,,,,,,,,,,,-130.5179228,21,
10109,No data available,,,51.93095272,5941841,No data available,,,,,,,,,,,,,,,,,,,,,,-123.1475221,21,
10110,No data available,,,53.94239324,5951809,No data available,,,,,,,,,,,,,,,,,,,,,,-124.1171662,21,
10052,No data available,,,49.92358396,5924048,No data available,,,,,,,,,,,,,,,,,,,,,,-126.7089202,21,
10053,No data available,,,50.08094758,5924052,No data available,,,,,,,,,,,,,,,,,,,,,,-124.9845266,21,
10054,No data available,,,50.71461937,5924054,No data available,,,,,,,,,,,,,,,,,,,,,,-124.9887164,21,
10051,No data available,,,49.8027282,5924042,No data available,,,,,,,,,,,,,,,,,,,,,,-125.5703452,21,
10115,No data available,,,50.28436863,5933873,No data available,,,,,,,,,,,,,,,,,,,,,,-121.6338984,21,
10116,No data available,,,49.47096001,5909841,No data available,,,,,,,,,,,,,,,,,,,,,,-121.4257423,21,
9864,No data available,,,49.61492448,5907035,No data available,,,,,,,,,,,,,,,,,,,,,,-119.7044582,21,
10095,No data available,,,50.8891921,5933045,No data available,,,,,,,,,,,,,,,,,,,,,,-119.8959749,21,
10117,No data available,,,53.1207849,5941864,No data available,,,,,,,,,,,,,,,,,,,,,,-124.3345847,21,
9578,No data available,,,49.98147617,5929018,No data available,,,,,,,,,,,,,,,,,,,,,,-123.9305597,21,
9579,No data available,,,49.65626183,5929022,No data available,,,,,,,,,,,,,,,,,,,,,,-123.697996,21,
9831,No data available,,,49.42689026,5929024,No data available,,,,,,,,,,,,,,,,,,,,,,-123.6582913,21,
9832,No data available,,,49.37545119,5929026,No data available,,,,,,,,,,,,,,,,,,,,,,-123.5426551,21,
9833,No data available,,,49.51151687,5929028,No data available,,,,,,,,,,,,,,,,,,,,,,-123.4311174,21,
9758,No data available,,,49.1074795,5915004,No data available,,,,,,,,,,,,,,,,,,,,,,-122.795633,21,
10119,No data available,,,51.84153181,5941872,No data available,,,,,,,,,,,,,,,,,,,,,,-122.114524,21,
10120,No data available,,,50.7212795,5939811,No data available,,,,,,,,,,,,,,,,,,,,,,-119.3149195,21,
10121,No data available,,,50.70950709,5939808,No data available,,,,,,,,,,,,,,,,,,,,,,-119.3267468,21,
10122,No data available,,,54.66181467,5951810,No data available,,,,,,,,,,,,,,,,,,,,,,-124.7443286,21,
10129,No data available,,,55.3201961,5951811,No data available,,,,,,,,,,,,,,,,,,,,,,-126.0279635,21,
10130,No data available,,,55.06940943,5951845,No data available,,,,,,,,,,,,,,,,,,,,,,-126.5100344,21,
10131,No data available,,,58.0104749,5949846,No data available,,,,,,,,,,,,,,,,,,,,,,-130.9896357,21,
10034,No data available,,,49.91778741,5924030,No data available,,,,,,,,,,,,,,,,,,,,,,-126.6556217,21,
10133,No data available,,,51.48227692,5941831,No data available,,,,,,,,,,,,,,,,,,,,,,-123.8422765,21,
10138,No data available,,,53.98603404,5951825,No data available,,,,,,,,,,,,,,,,,,,,,,-126.4949309,21,
10139,No data available,,,53.98623899,5951833,No data available,,,,,,,,,,,,,,,,,,,,,,-126.485279,21,
9858,No data available,,,56.15562024,5955030,No data available,,,,,,,,,,,,,,,,,,,,,,-120.6789745,21,
10140,No data available,,,57.91083768,5949847,No data available,,,,,,,,,,,,,,,,,,,,,,-131.1601996,21,
9547,No data available,,,54.6846217,5951038,No data available,,,,,,,,,,,,,,,,,,,,,,-127.0550335,21,
9555,No data available,,,54.47828616,5949011,No data available,,,,,,,,,,,,,,,,,,,,,,-128.5918055,21,
10141,No data available,,,48.7423852,5919818,No data available,,,,,,,,,,,,,,,,,,,,,,-123.6374428,21,
10142,No data available,,,50.69682257,5943817,No data available,,,,,,,,,,,,,,,,,,,,,,-127.3833593,21,
10146,No data available,,,50.69790963,5943826,No data available,,,,,,,,,,,,,,,,,,,,,,-127.389522,21,
10148,No data available,,,52.4886693,5941845,No data available,,,,,,,,,,,,,,,,,,,,,,-125.3229816,21,
10112,No data available,,,52.13855844,5933068,No data available,,,,,,,,,,,,,,,,,,,,,,-119.9772007,21,
10113,No data available,,,52.13418434,5933070,No data available,,,,,,,,,,,,,,,,,,,,,,-119.2593749,21,
10032,No data available,,,51.25322778,5933032,No data available,,,,,,,,,,,,,,,,,,,,,,-121.6651884,21,
10091,No data available,,,50.44876579,5933037,No data available,,,,,,,,,,,,,,,,,,,,,,-121.528288,21,
10092,No data available,,,50.80605205,5933039,No data available,,,,,,,,,,,,,,,,,,,,,,-120.6997788,21,
10097,No data available,,,50.55949622,5933060,No data available,,,,,,,,,,,,,,,,,,,,,,-119.8965135,21,
10008,No data available,,,50.16340694,5933008,No data available,,,,,,,,,,,,,,,,,,,,,,-120.3123409,21,
10009,No data available,,,49.94390524,5933012,No data available,,,,,,,,,,,,,,,,,,,,,,-120.9435125,21,
10114,No data available,,,51.32404232,5933072,No data available,,,,,,,,,,,,,,,,,,,,,,-119.8544488,21,
10094,No data available,,,50.87966703,5933044,No data available,,,,,,,,,,,,,,,,,,,,,,-120.0879823,21,
10149,No data available,,,49.13073374,5923825,No data available,,,,,,,,,,,,,,,,,,,,,,-125.8984767,21,
10150,No data available,,,49.77420814,5909848,No data available,,,,,,,,,,,,,,,,,,,,,,-122.22167,21,
10151,No data available,,,53.99420746,5947823,No data available,,,,,,,,,,,,,,,,,,,,,,-132.1348595,21,
10152,No data available,,,49.04706141,5901801,No data available,,,,,,,,,,,,,,,,,,,,,,-115.1010189,21,
10190,No data available,,,49.1324999,5923025,No data available,,,,,,,,,,,,,,,,,,,,,,-125.8880244,21,
10153,No data available,,,51.9209141,5941850,No data available,,,,,,,,,,,,,,,,,,,,,,-122.4844656,21,
10154,No data available,,,50.12787782,5924820,No data available,,,,,,,,,,,,,,,,,,,,,,-124.9347954,21,
10155,No data available,,,52.28973962,5941851,No data available,,,,,,,,,,,,,,,,,,,,,,-125.118871,21,
10156,No data available,,,50.58483022,5931832,No data available,,,,,,,,,,,,,,,,,,,,,,-121.8527269,21,
10157,No data available,,,49.08953484,5905014,No data available,,,,,,,,,,,,,,,,,,,,,,-117.7131856,21,
10173,No data available,,,53.18422945,5941852,No data available,,,,,,,,,,,,,,,,,,,,,,-123.5278399,21,
10174,No data available,,,49.81465798,5924835,No data available,,,,,,,,,,,,,,,,,,,,,,-126.076501,21,
10183,No data available,,,49.27139518,5923816,No data available,,,,,,,,,,,,,,,,,,,,,,-124.8689577,21,
10184,No data available,,,50.37334766,5933874,No data available,,,,,,,,,,,,,,,,,,,,,,-121.6797829,21,
10147,No data available,,,49.04358212,5915802,No data available,,,,,,,,,,,,,,,,,,,,,,-123.0985678,21,
10185,No data available,,,49.21795913,5909834,No data available,,,,,,,,,,,,,,,,,,,,,,-121.758471,21,
10186,No data available,,,49.88289332,5935803,No data available,,,,,,,,,,,,,,,,,,,,,,-119.5362999,21,
10187,No data available,,,49.83918049,5935802,No data available,,,,,,,,,,,,,,,,,,,,,,-119.6056112,21,
10195,No data available,,,48.37064247,5917819,No data available,,,,,,,,,,,,,,,,,,,,,,-123.7304454,21,
10196,No data available,,,50.73698977,5943806,No data available,,,,,,,,,,,,,,,,,,,,,,-127.4990444,21,
10197,No data available,,,48.88348336,5919803,No data available,,,,,,,,,,,,,,,,,,,,,,-123.6757827,21,
10198,No data available,,,49.83651821,5909817,No data available,,,,,,,,,,,,,,,,,,,,,,-121.4332305,21,
9995,No data available,,,55.0583201,5955003,No data available,,,,,,,,,,,,,,,,,,,,,,-121.158424,21,
10199,No data available,,,50.42799235,5933893,No data available,,,,,,,,,,,,,,,,,,,,,,-121.3372844,21,
10200,No data available,,,48.75954694,5919821,No data available,,,,,,,,,,,,,,,,,,,,,,-123.8292103,21,
10201,No data available,,,49.11305446,5909830,No data available,,,,,,,,,,,,,,,,,,,,,,-121.9456385,21,
10181,No data available,,,48.94246038,5923019,No data available,,,,,,,,,,,,,,,,,,,,,,-125.5592055,21,
10202,No data available,,,52.37776957,5941854,No data available,,,,,,,,,,,,,,,,,,,,,,-125.0428649,21,
10203,No data available,,,52.44880623,5941880,No data available,,,,,,,,,,,,,,,,,,,,,,-125.273573,21,
10204,No data available,,,53.93421215,5951826,No data available,,,,,,,,,,,,,,,,,,,,,,-125.6679628,21,
10213,No data available,,,48.66463312,5917802,No data available,,,,,,,,,,,,,,,,,,,,,,-123.4493041,21,
10221,No data available,,,59.56807851,5957802,No data available,,,,,,,,,,,,,,,,,,,,,,-133.7025427,21,
10222,No data available,,,50.81518163,5933875,No data available,,,,,,,,,,,,,,,,,,,,,,-121.5756918,21,
10223,No data available,,,50.66092291,5933876,No data available,,,,,,,,,,,,,,,,,,,,,,-121.2656777,21,
10224,No data available,,,49.05248185,5909877,No data available,,,,,,,,,,,,,,,,,,,,,,-122.1944339,21,
9865,No data available,,,52.82838753,5953007,No data available,,,,,,,,,,,,,,,,,,,,,,-119.2658891,21,
10083,No data available,,,49.25389255,5915022,No data available,,,,,,,,,,,,,,,,,,,,,,-123.1113353,21,
9784,No data available,,,54.01579688,5951007,No data available,,,,,,,,,,,,,,,,,,,,,,-124.0256645,21,
9696,No data available,,,50.2339853,5937014,No data available,,,,,,,,,,,,,,,,,,,,,,-119.3461668,21,
9663,No data available,,,48.42825227,5917034,No data available,,,,,,,,,,,,,,,,,,,,,,-123.358539,21,
10235,No data available,,,48.46834346,5917047,No data available,,,,,,,,,,,,,,,,,,,,,,-123.4596678,21,
10227,No data available,,,50.01106975,5924813,No data available,,,,,,,,,,,,,,,,,,,,,,-127.4021012,21,
10228,No data available,,,49.77105647,5931808,No data available,,,,,,,,,,,,,,,,,,,,,,-123.1622151,21,
10158,No data available,,,49.09460314,5905018,No data available,,,,,,,,,,,,,,,,,,,,,,-117.7467429,21,
10124,No data available,,,53.10906929,5941025,No data available,,,,,,,,,,,,,,,,,,,,,,-121.6283322,21,
9507,No data available,,,49.86071861,5935029,No data available,,,,,,,,,,,,,,,,,,,,,,-119.6089809,21,
10238,No data available,,,55.80620373,5955802,No data available,,,,,,,,,,,,,,,,,,,,,,-121.8982344,21,
9640,No data available,,,49.36722075,5915055,No data available,,,,,,,,,,,,,,,,,,,,,,-123.196195,21,
10239,No data available,,,50.98550533,5933877,No data available,,,,,,,,,,,,,,,,,,,,,,-120.244797,21,
9837,No data available,,,50.09036135,5931020,No data available,,,,,,,,,,,,,,,,,,,,,,-122.9942439,21,
9759,No data available,,,49.01719094,5915007,No data available,,,,,,,,,,,,,,,,,,,,,,-122.8146218,21,
10240,No data available,,,49.17537948,5915840,No data available,,,,,,,,,,,,,,,,,,,,,,-122.4606579,21,
9668,No data available,,,52.13598432,5941009,No data available,,,,,,,,,,,,,,,,,,,,,,-122.1263205,21,
10241,No data available,,,52.10768391,5941812,No data available,,,,,,,,,,,,,,,,,,,,,,-121.9874086,21,
10242,No data available,,,54.47138512,5951840,No data available,,,,,,,,,,,,,,,,,,,,,,-124.1957452,21,
10243,No data available,,,51.84914426,5941855,No data available,,,,,,,,,,,,,,,,,,,,,,-121.5806917,21,
10244,No data available,,,54.23875133,5951827,No data available,,,,,,,,,,,,,,,,,,,,,,-125.7619131,21,
10245,No data available,,,49.13376949,5909831,No data available,,,,,,,,,,,,,,,,,,,,,,-121.9365732,21,
10246,No data available,,,49.56217519,5909818,No data available,,,,,,,,,,,,,,,,,,,,,,-121.4235553,21,
10247,No data available,,,50.34714577,5933878,No data available,,,,,,,,,,,,,,,,,,,,,,-121.672456,21,
10251,No data available,,,54.60016765,5951801,No data available,,,,,,,,,,,,,,,,,,,,,,-125.0712404,21,
10252,No data available,,,49.72587003,5931809,No data available,,,,,,,,,,,,,,,,,,,,,,-123.1617923,21,
10253,No data available,,,49.59575871,5924814,No data available,,,,,,,,,,,,,,,,,,,,,,-126.6260304,21,
10254,No data available,,,50.1543707,5933879,No data available,,,,,,,,,,,,,,,,,,,,,,-121.5760201,21,
10230,No data available,,,49.98341858,5924029,No data available,,,,,,,,,,,,,,,,,,,,,,-126.8523342,21,
10255,No data available,,,50.183311,5933811,No data available,,,,,,,,,,,,,,,,,,,,,,-120.6684226,21,
9508,No data available,,,50.73188664,5933845,No data available,0,0,0,0,0,0,0,0,0,0,0,0,0,0,0,0,0,0,0,0,,-121.3136184,21,
